x,sqrt(x),cos(x),sin(x)
0.000000,0.000000,1.000000,0.000000
0.314159,0.560499,0.951057,0.309017
0.628319,0.792665,0.809017,0.587785
0.942478,0.970813,0.587785,0.809017
1.256637,1.120998,0.309017,0.951057
1.570796,1.253314,0.000000,1.000000
1.884956,1.372937,-0.309017,0.951057
2.199115,1.482941,-0.587785,0.809017
2.513274,1.585331,-0.809017,0.587785
2.827433,1.681497,-0.951057,0.309017
3.141593,1.772454,-1.000000,0.000000
