“ss”Ô†,xÀ•W,yÀ•W
1,134.380099,5814.733464
2,7042.175640,3999.205490
3,9876.706455,996.519370
4,9384.142637,9972.838798
5,2978.676739,8564.728852

k,i,next,min,tdis
2,4,2,6416.315478,6416.315478
3,2,3,4129.247980,10545.563458
4,3,5,10240.146909,20785.710367
5,5,1,3956.323800,24742.034167
,1,4,10141.397684,34883.431851

“ss”Ô†,–K–â‡˜
1,5
2,2
3,3
4,1
5,4

–K–â‡˜,“ss”Ô†
1,4
2,2
3,3
4,5
5,1

‘ˆÚ“®‹——£,34883.431851

’Tõˆ—ŠÔ,0.001000 •b
